time,unit,X,Y,Z
2025-01-01 00:00:00,A,0.0,0.0,0.0
2025-01-01 01:00:00,A,0.9283111732653982,-1.0912378094427453,-1.5714097933599762
2025-01-01 02:00:00,A,0.6215642625883269,-0.8006615559539141,-0.8909950840275911
2025-01-01 03:00:00,A,-0.3719442162435026,0.42674176127172264,-1.0958746698908979
2025-01-01 04:00:00,A,0.2889360867220699,-0.3942031014743433,-0.4529338131058071
2025-01-01 05:00:00,A,0.8786274236831818,1.0560723426479697,-0.46592599528404577
2025-01-01 06:00:00,A,1.3014190669668944,-0.07351462214166771,0.12045332116876922
2025-01-01 07:00:00,A,-0.487057005198663,0.8931058237297054,-1.9467098687603028
2025-01-01 08:00:00,A,-1.3878872457581977,-0.0014312470897311358,-0.8282117862008951
2025-01-01 09:00:00,A,-0.23579139688242123,-0.28779407746920305,-0.2920735228670461
2025-01-01 10:00:00,A,-0.32198658108584877,-1.744441402546755,0.36501911214615484
2025-01-01 11:00:00,A,-0.6337934946845902,0.029779296008955014,1.6861546037220403
2025-01-01 12:00:00,A,-0.6862001745527004,-1.1788058827020944,0.9248246525728743
2025-01-01 13:00:00,A,0.6247529681959496,0.8204244782591356,0.6033338065962972
2025-01-01 14:00:00,A,-0.6293290778244788,0.8922780913830983,-0.8739266448845148
2025-01-01 15:00:00,A,-0.30992006537069905,0.43694118232881174,-0.481840094685646
2025-01-01 16:00:00,A,0.2595302332452411,-0.9903434239080284,-0.11276531791412966
2025-01-01 17:00:00,A,0.07493561940959785,-1.2879564661487155,1.1445959593121073
2025-01-01 18:00:00,A,0.36770576428066726,0.3766588424947204,0.6504338070829497
2025-01-01 19:00:00,A,0.5435241776995995,-0.610109346040993,0.8757461484457729
2025-01-01 20:00:00,A,-1.8085451583722354,0.9065984947092688,0.5199681834130538
2025-01-01 21:00:00,A,-0.9677334357467446,-0.9114732255501994,0.7259364289249354
2025-01-01 22:00:00,A,-0.634163992640367,-1.1131466661748453,0.06180786017370246
2025-01-01 23:00:00,A,-0.10078161891881793,-0.40564948254170763,-0.3419067033893313
2025-01-02 00:00:00,A,0.8145968684029101,1.0116353848699666,0.8672985008565229
2025-01-02 01:00:00,A,0.5642672575957023,0.3407963356761396,0.7099148430342737
2025-01-02 02:00:00,A,-1.0482793666794412,0.5217143471654133,0.29881489634467395
2025-01-02 03:00:00,A,-1.5465275417852036,-0.4937480627333479,0.48383880338592516
2025-01-02 04:00:00,A,-0.3077219020018952,-2.122351435697879,-1.101828643883553
2025-01-02 05:00:00,A,1.014398909479679,-0.8146929023175185,-0.9575186686024804
2025-01-02 06:00:00,A,-1.0981593684599176,0.29130932794409403,-0.34092857624592493
2025-01-02 07:00:00,A,0.1374719520562343,-0.257752663004241,-0.1292338829315411
2025-01-02 08:00:00,A,-0.5094715386638278,-0.5386231952660979,-0.18328108091984052
2025-01-02 09:00:00,A,-0.667112280100654,1.7493052096054016,-0.09361417156025656
2025-01-02 10:00:00,A,0.052387954813524484,-0.08292788587107859,-1.566558429969531
2025-01-02 11:00:00,A,-0.6589104134407986,-0.5020470253539213,-0.30723539780136566
2025-01-02 12:00:00,A,-1.1128793115652291,-0.31665931447636914,-0.4806737147765235
2025-01-02 13:00:00,A,-0.3028491105174737,0.9149862424803809,0.20047158921793337
2025-01-02 14:00:00,A,-1.0765294033113577,0.5596527983306374,0.7393689359844969
2025-01-02 15:00:00,A,0.6318063270017652,-1.1945687822858622,0.6493297553921448
2025-01-02 16:00:00,A,2.2454541460274187,-0.7854736297291054,-0.43549413231068557
2025-01-02 17:00:00,A,0.4514350828575914,0.6006923855090682,-1.1818933441017179
2025-01-02 18:00:00,A,-0.5920693138905899,-0.15048877967872792,0.8116403329456412
2025-01-02 19:00:00,A,0.3376951293171896,-1.7616419194483035,0.46649040629605276
2025-01-02 20:00:00,A,-0.38209652617697276,-0.8962686344618567,0.0011916082738113731
2025-01-02 21:00:00,A,1.4741980193863207,0.39702655898426364,0.7870255950922204
2025-01-02 22:00:00,A,1.1851511647861568,1.4359931579395804,-1.5009045224753312
2025-01-02 23:00:00,A,-0.24595315522105632,0.7659161572600244,-1.3359362697015418
2025-01-03 00:00:00,A,-0.1467760426639893,-0.793338937404322,0.319685104320439
2025-01-03 01:00:00,A,-0.7679245384348083,0.005693569571866619,1.3082435707256308
2025-01-03 02:00:00,A,-0.318019723496523,0.26332535355722414,0.859079722717684
2025-01-03 03:00:00,A,-0.2508313575023957,0.5427746423079811,-0.7577195584562507
2025-01-03 04:00:00,A,-0.484501016365753,-1.5923212856661382,-0.943271880457223
2025-01-03 05:00:00,A,-1.0572992399678545,-0.3329497792915308,-1.6052007182602432
2025-01-03 06:00:00,A,-1.070334258037832,-0.5357819964850075,-0.5057556994922462
2025-01-03 07:00:00,A,1.047677789247797,0.31297437588223054,1.1590831531843242
2025-01-03 08:00:00,A,0.5011644035349697,1.0257451100388866,0.9632193454368264
2025-01-03 09:00:00,A,1.5661360846041263,0.9035603722212605,0.6990029290226039
2025-01-03 10:00:00,A,2.0863275203591174,0.6234886573316469,0.8359316762993954
2025-01-03 11:00:00,A,0.6233225987220957,-0.19360551162087036,-0.12131558268417414
2025-01-03 12:00:00,A,0.4396249918668953,1.091181607516762,0.07531228612149561
2025-01-03 13:00:00,A,1.0724000201706398,-0.2757432412535368,0.10079364279793765
2025-01-03 14:00:00,A,-0.4966672282251684,0.11582783679491204,0.9659159732698367
2025-01-03 15:00:00,A,-0.5438098287175384,-1.4486554818426602,-0.1659231833619847
2025-01-03 16:00:00,A,-0.07143556675267959,-1.311484745126286,-1.1515154065091748
2025-01-03 17:00:00,A,0.8454899764460547,-0.9413900249171769,0.4932468363065227
2025-01-03 18:00:00,A,0.4965712823512771,0.6940088805211966,-0.9406097575004253
2025-01-03 19:00:00,A,-1.1538443909028997,0.765923486010629,-0.11658470535510629
2025-01-03 20:00:00,A,-0.03443585983745834,-1.3319600590048415,1.438461078575152
2025-01-03 21:00:00,A,1.4891185601632184,-0.13812623447894187,1.2349715984098417
2025-01-03 22:00:00,A,0.6303339128123643,1.3554962632480594,0.6789328176791722
2025-01-03 23:00:00,A,-0.7941966272642078,1.5102641130831653,-1.5870616323931204
2025-01-04 00:00:00,A,-0.7530401252200922,-0.1704765584480208,0.9908511141710751
2025-01-04 01:00:00,A,-1.1952027415628579,-1.0307462288833014,-1.476006434043703
2025-01-04 02:00:00,A,-1.53904219615769,-1.1219612763730726,-1.8805351899568272
2025-01-04 03:00:00,A,0.21327008732884012,-0.7957927684816453,-1.3445087264959983
2025-01-04 04:00:00,A,0.3394839864103138,-0.21015182775659633,0.8112275189766569
2025-01-04 05:00:00,A,-0.12832633828069182,0.24660712150522945,-0.09006993704344679
2025-01-04 06:00:00,A,1.1052352878059861,0.6724369535901966,-1.2193787857482605
2025-01-04 07:00:00,A,1.6510664608863683,0.45808971598415094,-0.40823673645708536
2025-01-04 08:00:00,A,2.151536597922628,0.9665959859964283,-0.4583761518368423
2025-01-04 09:00:00,A,1.5450070246569434,1.7103979625739254,-1.02810320142684
2025-01-04 10:00:00,A,0.8598324655099325,0.7324981257077755,0.3152549766868929
2025-01-04 11:00:00,A,0.6524293488512849,1.2517984719556532,0.8477321459102116
2025-01-04 12:00:00,A,-0.9233309604904048,-0.37828364653441937,-0.444406414253951
2025-01-04 13:00:00,A,-1.9183282654740705,0.628766315105564,-0.6749591359828476
2025-01-04 14:00:00,A,-1.0598935576527824,-0.9511042681380159,-1.43619332056524
2025-01-04 15:00:00,A,-0.48992352466915723,-0.5850565898356418,-1.4581024922438335
2025-01-04 16:00:00,A,-0.11096685007773602,0.9678038697110878,-0.2167021966424187
2025-01-04 17:00:00,A,-0.8637502173480183,-0.22351291853619323,0.38209782525549363
2025-01-04 18:00:00,A,1.0381823074788676,-1.0976981313402723,1.080924357560768
2025-01-04 19:00:00,A,0.43676700557217396,1.3388792672585403,-0.797442514609807
2025-01-04 20:00:00,A,-0.5101630421715109,0.7069961225363335,-1.265087782374331
2025-01-04 21:00:00,A,-0.6012996748778445,0.5224515461419815,0.07555091866304992
2025-01-04 22:00:00,A,1.486246194693262,-0.26907738810437337,0.7308790429663435
2025-01-04 23:00:00,A,0.1609998043461187,0.031112511874907267,0.17280572929346694
2025-01-05 00:00:00,A,-0.5792563148412112,0.881124074079416,0.6448510694656338
2025-01-05 01:00:00,A,-0.35721123280128,-0.3554000009193439,-0.7266036091682297
2025-01-05 02:00:00,A,-1.5571368497875846,0.4903205497808342,-0.813773367200706
2025-01-05 03:00:00,A,-1.60300627163448,-0.9147199323712943,-0.47038654766498533
2025-01-05 04:00:00,A,-0.40522906824149685,-0.5572315239508725,-0.5556678292892779
2025-01-05 05:00:00,A,-0.5103088360159975,-0.5987977778978105,-0.7017285254950137
2025-01-05 06:00:00,A,-0.1480861023536395,-0.6565128187358844,-0.26310402939859145
2025-01-05 07:00:00,A,-0.188807500550618,1.638572198337849,1.455051132717009
2025-01-05 08:00:00,A,-0.40097789629376657,1.4464215880787004,0.7535415379544501
2025-01-05 09:00:00,A,0.16763925066521668,-2.0004634388170377,-0.533442404512
2025-01-05 10:00:00,A,0.0992780543519797,0.08340885041951829,1.086290442055677
2025-01-05 11:00:00,A,0.7677444727117743,-0.6331758716235509,-0.0791055610266001
2025-01-05 12:00:00,A,0.5633664183478884,0.043156041543883084,1.3593520901550187
2025-01-05 13:00:00,A,-0.12836245259417756,0.9227968065403325,0.400223227478157
2025-01-05 14:00:00,A,0.46353336611417406,-0.7598099006418685,-0.16185512665686097
2025-01-05 15:00:00,A,-0.3100932210010243,0.6018885964912073,-0.7705589210701531
2025-01-05 16:00:00,A,-0.009586945569529742,-0.4054589778722228,-0.3701836944710883
2025-01-05 17:00:00,A,-0.2393414365108854,0.21717839821473628,1.5409405036458805
2025-01-05 18:00:00,A,-0.2525306785472234,-0.4025880519513878,1.293541424758832
2025-01-05 19:00:00,A,0.16110889882202936,-0.6632104433522551,2.764066783446681
2025-01-05 20:00:00,A,0.12790641684808907,-0.6263668336343264,0.39324544857832533
2025-01-05 21:00:00,A,-1.2770418174648297,0.7763753292119452,-0.3683438286433219
2025-01-05 22:00:00,A,-0.04404393085766889,-0.8016131022713536,-1.2436366876728984
2025-01-05 23:00:00,A,0.8883970884073418,1.0612411417192373,-0.23483666370630468
2025-01-06 00:00:00,A,1.081231461070578,1.0988583691504685,0.6029924896970805
2025-01-06 01:00:00,A,0.7854490226821975,1.8373212464107573,-0.3097983918750727
2025-01-06 02:00:00,A,0.11956257225808609,-0.4682960229663793,-1.1222684199462754
2025-01-06 03:00:00,A,0.24118540165154145,0.5946194492068198,-1.440139762575521
2025-01-06 04:00:00,A,-1.0543182625290757,0.021072864074378694,-0.8280847856443332
2025-01-06 05:00:00,A,0.11991996220199652,-1.3064193054303357,-0.7136544504398662
2025-01-06 06:00:00,A,0.6209552895449721,-0.10034617336265692,-0.1685019503100154
2025-01-06 07:00:00,A,-0.7157790088106879,0.20126701905963829,-0.30851699126643534
2025-01-06 08:00:00,A,-1.4902746372689628,0.22767190398042636,-1.041856418305239
2025-01-06 09:00:00,A,-1.3818112216039857,-0.18701743050181407,0.8551751559542657
2025-01-06 10:00:00,A,-0.9995254939449082,-0.5641765411976738,1.3350040919873103
2025-01-06 11:00:00,A,-0.0841050772898202,0.11342918262363821,0.25347105723448365
2025-01-06 12:00:00,A,1.0957901822613392,0.2580136117837001,-0.9034109916236713
2025-01-06 13:00:00,A,0.8557679640753251,3.4824358968086444,-0.7036701870322695
2025-01-06 14:00:00,A,-0.3334118568324405,1.8701382899198364,-1.3440214741965235
2025-01-06 15:00:00,A,0.06958205113988444,-0.19599949578620351,-0.13100197107797013
2025-01-06 16:00:00,A,-0.10293484057672583,0.09702733640441634,-0.38901698381912525
2025-01-06 17:00:00,A,0.08181961795114376,0.5063264477868876,-0.24425067117641872
2025-01-06 18:00:00,A,0.6683185345508718,1.799843985711958,-1.2531166318850278
2025-01-06 19:00:00,A,0.8365415619318689,2.3623881052899747,-0.7874012671508479
2025-01-06 20:00:00,A,0.4085041884250043,1.4963122308746757,-0.11438750270988446
2025-01-06 21:00:00,A,0.5366813009885794,0.6826902387930656,0.4009936922342711
2025-01-06 22:00:00,A,1.0691116052237937,-0.3295360971377025,-0.26227924033424366
2025-01-06 23:00:00,A,-0.18543906397319,0.13403771509950946,1.305718430620361
2025-01-07 00:00:00,A,0.7458819262732792,0.29696249850882905,0.12820518808260156
2025-01-07 01:00:00,A,0.5469708970219641,1.6895785743972707,0.4412663099461966
2025-01-07 02:00:00,A,0.7778912841774193,0.5454491811968482,-0.5818780481602573
2025-01-07 03:00:00,A,-0.8176139855803295,1.3477144567738124,-0.7926844285332906
2025-01-07 04:00:00,A,0.3604870287769637,-1.241329586079853,0.08619830360952713
2025-01-07 05:00:00,A,-0.8305005321173278,0.8503840616513858,0.10015078816016486
2025-01-07 06:00:00,A,0.5081436210288435,-1.406234538397102,0.8142288750587563
2025-01-07 07:00:00,A,0.3747018189367867,2.063700634622091,0.41669883334019886
2025-01-07 08:00:00,A,-0.6583217925672462,1.7472098841577093,0.2086423205280474
2025-01-07 09:00:00,A,-1.0495115163372062,0.34742660366939093,1.6823604616779593
2025-01-07 10:00:00,A,-0.17593997768730418,0.28968248779041894,0.539415932928719
2025-01-07 11:00:00,A,0.18029644568776557,1.1904126410705225,0.7241942977069642
2025-01-07 12:00:00,A,-0.47319930950959394,0.6346816079296299,1.87423930044376
2025-01-07 13:00:00,A,-1.1127561890838198,-0.33810783019884905,1.148106822768853
2025-01-07 14:00:00,A,-1.1801453141143625,0.43843121135160557,0.0475865546853802
2025-01-07 15:00:00,A,-0.08892038482203868,-0.3526920718122421,-0.5796296688817097
2025-01-07 16:00:00,A,-0.6302487704734718,-0.18805683216696617,0.2402952129708529
2025-01-07 17:00:00,A,0.4170048436338279,-1.3549477260513065,-0.5036245493368477
2025-01-07 18:00:00,A,0.5131590649319494,0.6335698926803293,0.55064831126635
2025-01-07 19:00:00,A,-0.5335929741509251,0.9015894256793286,0.8908621046384837
2025-01-07 20:00:00,A,-0.7894119892199503,-0.5176885380090672,0.8582573307594819
2025-01-07 21:00:00,A,-0.31940615514504944,-0.8633079992623962,1.6966688011678577
2025-01-07 22:00:00,A,-0.5373033523005987,-1.5849383062630662,-1.147091285051769
2025-01-07 23:00:00,A,-1.1343218676733746,-0.22139290000867207,-1.1270238826571157
2025-01-08 00:00:00,A,-0.45506248720064757,-0.6798910126649349,0.003382894942817405
2025-01-08 01:00:00,A,0.5006700493748066,-2.134787649189498,0.47756094422476636
2025-01-08 02:00:00,A,-0.004209569047509298,-0.41540496881267563,-1.0427934236738172
2025-01-08 03:00:00,A,1.293335975638554,-0.02657494300077974,-0.002353536541572665
2025-01-08 04:00:00,A,2.028440452058608,1.7888301812987633,0.4115557563162328
2025-01-08 05:00:00,A,2.737518260357383,0.9071291747383443,-0.9006181010261836
2025-01-08 06:00:00,A,2.2017196405234483,1.5554629872724208,0.492681920282197
2025-01-08 07:00:00,A,0.6297625477194483,1.5230335129210053,-0.0027670390570855297
2025-01-08 08:00:00,A,-0.3271991715614032,-0.028834852403212707,0.42055317955880944
2025-01-08 09:00:00,A,-0.5174411885613334,0.2968998485836348,0.868678356355276
2025-01-08 10:00:00,A,-1.2424787273796267,-1.3683170289046025,1.100946711740174
2025-01-08 11:00:00,A,-0.5987736830988774,-1.8001135248275266,0.8852829282956542
2025-01-08 12:00:00,A,0.9015143992551125,0.3293249873344053,-0.862787853735466
2025-01-08 13:00:00,A,0.1837764345590433,1.0661177242183697,-0.9738761272298657
2025-01-08 14:00:00,A,1.748033867179189,0.4254885551779136,-0.9698628997003342
2025-01-08 15:00:00,A,0.632997976447697,0.44911923546029464,0.1292933919671747
2025-01-08 16:00:00,A,1.0587920223639773,-0.9055645183549392,-0.7652427345097064
2025-01-08 17:00:00,A,1.9099094925623983,0.18201076010342865,-0.6917313375426025
2025-01-08 18:00:00,A,1.3075484883242374,1.3643869520451084,1.7276477304875335
2025-01-08 19:00:00,A,-0.8844888080165528,0.5130388023570046,0.13876237872199326
2025-01-08 20:00:00,A,-1.6716718140219708,0.17957757720450146,-0.7304098588471097
2025-01-08 21:00:00,A,-0.20031534879550839,-1.1176041897631226,-0.3891450655111156
2025-01-08 22:00:00,A,0.41281418905719724,-0.4718762475896938,1.4061727470458332
2025-01-08 23:00:00,A,1.1453320662283184,-0.4108477744895036,-0.05554780124660447
2025-01-09 00:00:00,A,0.4038273751844128,0.34465976170827556,0.3229194504909152
2025-01-09 01:00:00,A,-0.1612057051406953,-0.30762786366403877,0.013156516289679662
2025-01-09 02:00:00,A,-0.7178634428153635,0.6710177986316072,1.5533827727860319
2025-01-09 03:00:00,A,0.5583793384251963,0.3277182419672584,0.38059334604875694
2025-01-09 04:00:00,A,0.8701776486773082,-0.9213006302496846,0.6138052406830168
2025-01-09 05:00:00,A,1.1144442111211224,0.4973077129789581,-0.20867771997923054
2025-01-09 06:00:00,A,-0.17001796197845953,1.8314311869730022,0.9935145852097301
2025-01-09 07:00:00,A,-0.6866042789334809,0.5013504165587889,-0.22719304304528826
2025-01-09 08:00:00,A,-2.6018956968465634,1.3330203761473691,-1.3565454624372222
2025-01-09 09:00:00,A,-2.3712350403288207,-0.8543372739836713,1.0617187569794522
2025-01-09 10:00:00,A,-2.3399300891853607,-3.2746368389884477,-0.7136450646243802
2025-01-09 11:00:00,A,-0.771247524913239,-1.9477918603609277,-0.25737568727468474
2025-01-09 12:00:00,A,0.11054091876907512,-0.520280232140644,-2.0158088573440955
2025-01-09 13:00:00,A,0.30882124843071895,-0.25098272707522745,-0.8928302957599525
2025-01-09 14:00:00,A,1.3978091900718002,0.602844280347197,0.43047001705881605
2025-01-09 15:00:00,A,0.5474430833443926,1.8458759883665379,-0.03690426580014858
2025-01-09 16:00:00,A,0.4670962727820896,1.9336146495002926,-2.5940658832809245
2025-01-09 17:00:00,A,1.3987578785178085,0.11436428753610328,0.3894643039561695
2025-01-09 18:00:00,A,1.1211916465170315,1.3633540238885735,-1.1713729609526906
2025-01-09 19:00:00,A,0.3180009445206142,1.362153808070807,-2.440718515060951
2025-01-09 20:00:00,A,0.6762169840148367,0.3068314615512155,0.20165689685827137
2025-01-09 21:00:00,A,0.7991639061037291,0.5118440173194153,0.36677711323065537
2025-01-09 22:00:00,A,2.113096093463341,-0.12959242142500338,0.45578113169397183
2025-01-09 23:00:00,A,0.8890681947806062,2.0636729292036895,0.03152550563590975
2025-01-10 00:00:00,A,-0.09609614499079705,0.9117810515431397,1.451412993698779
2025-01-10 01:00:00,A,0.974385886142568,-0.16431070400871545,0.3491587856416174
2025-01-10 02:00:00,A,0.30852964194928845,0.4859729790869312,-1.0302559713087087
2025-01-10 03:00:00,A,-0.6410783186151713,1.1869890660281168,-0.3660271633753086
2025-01-10 04:00:00,A,0.2797956789416634,-1.8139121142333694,-1.2143477133588128
2025-01-10 05:00:00,A,-0.025039326121784444,-0.8903171936837613,1.3007358015866537
2025-01-10 06:00:00,A,-0.6170907046208879,-0.3045969405132519,-1.1662723937415567
2025-01-10 07:00:00,A,-0.6170437586219961,0.008424005522667033,-0.1750904509449592
2025-01-10 08:00:00,A,0.8155457002447424,-0.45582018243297856,0.8954593029055993
2025-01-10 09:00:00,A,0.4734158334279378,0.9559175965144076,-0.6392009943889283
2025-01-10 10:00:00,A,1.2588490083214872,0.866739350294687,0.4740373881305127
2025-01-10 11:00:00,A,0.9607307845454396,-0.09442882508325923,-0.07428302387205934
2025-01-10 12:00:00,A,0.6252512831436292,0.4042844243238954,1.2514393064910077
2025-01-10 13:00:00,A,-0.9448013145646654,0.643081686674823,-0.15688884136266062
2025-01-10 14:00:00,A,0.9717073129813952,-0.6745490618798469,0.22475755130477365
2025-01-10 15:00:00,A,0.8253355856370557,-0.10153306043080373,1.3734149051717692
2025-01-10 16:00:00,A,0.6301286704705018,0.8209416671284755,-1.6774346513247962
2025-01-10 17:00:00,A,1.767880375550166,-0.07223341101665026,-0.014786819106895721
2025-01-10 18:00:00,A,-1.6018763844216193,0.3981309013841987,0.33765439899221844
2025-01-10 19:00:00,A,0.20832914119288903,0.04492165163339956,0.15617104380025162
2025-01-10 20:00:00,A,-0.3483125621553214,-0.42325742284004253,0.3560293565765257
2025-01-10 21:00:00,A,0.44795432178511874,-1.1591665367901738,-1.4916975258005156
2025-01-10 22:00:00,A,0.3389121613399343,0.24695606891642613,0.6634557478754354
2025-01-10 23:00:00,A,0.035861900781796935,0.762793048602741,0.9123145192348427
2025-01-01 00:00:00,B,0.0,0.0,0.0
2025-01-01 01:00:00,B,-0.2030358454794651,0.01772787881324536,0.09410368979679459
2025-01-01 02:00:00,B,2.0794365044404852,-0.9030037669132575,-0.9400661458011219
2025-01-01 03:00:00,B,-0.2696653264216571,1.866471337054337,-1.1601203975029994
2025-01-01 04:00:00,B,-0.4888318128037652,-0.8106493966024984,-1.4038484626630945
2025-01-01 05:00:00,B,0.10359717679847669,-0.9111446814048777,-0.7270454500880987
2025-01-01 06:00:00,B,-0.4050309326009925,-0.33380422559045475,-0.5502259784358614
2025-01-01 07:00:00,B,-0.6329669382899142,-0.2936760693877563,0.13076086279192053
2025-01-01 08:00:00,B,-0.7639469560284189,0.6955173887770028,-0.6123122249900943
2025-01-01 09:00:00,B,0.24300766445875982,0.229504728466159,0.49154137009570303
2025-01-01 10:00:00,B,0.4382794530614287,0.5262143121669796,-0.31889275973498543
2025-01-01 11:00:00,B,-0.13971978143160083,0.183422980729404,-0.1669938924915972
2025-01-01 12:00:00,B,-0.28595453682413174,2.0560219147191834,-1.156171866754714
2025-01-01 13:00:00,B,0.4491711261469281,-1.0359236754484555,-1.0722926690924457
2025-01-01 14:00:00,B,0.278649761762082,0.8787795508258197,-0.733945797880867
2025-01-01 15:00:00,B,-0.6562465371494045,0.6315278570308253,0.5523112496174363
2025-01-01 16:00:00,B,0.08741416364620908,-1.0655505518488437,0.6027159660504378
2025-01-01 17:00:00,B,0.5443094100015504,1.8610942927897207,1.5261866668996658
2025-01-01 18:00:00,B,0.5377052252234555,1.269532894893886,1.9551707536909748
2025-01-01 19:00:00,B,0.20524388865549326,0.7010521962969054,1.868259232218251
2025-01-01 20:00:00,B,0.13944800240594213,0.9770558329803972,0.07060150790350839
2025-01-01 21:00:00,B,0.9439013490620258,0.6813583707400241,-0.2765898041048489
2025-01-01 22:00:00,B,0.20594979714752648,0.172503565921169,1.0027766633704056
2025-01-01 23:00:00,B,-0.5446566026853221,0.03038877943793461,0.9185829547484847
2025-01-02 00:00:00,B,-0.7716478991854887,1.095743019669915,2.2360007771283006
2025-01-02 01:00:00,B,0.5009938611553784,-1.2483581413412845,0.12293072698952467
2025-01-02 02:00:00,B,-1.4915587930935237,1.0095237880740997,1.4439425929537264
2025-01-02 03:00:00,B,-0.6552714029511923,-1.912348993154104,0.5446565189137185
2025-01-02 04:00:00,B,-0.7110294272049973,-1.2396985356644712,0.5205591602004783
2025-01-02 05:00:00,B,0.8196964540677023,-0.3919072483075426,-0.27993587977390244
2025-01-02 06:00:00,B,0.4770210809859771,1.5504616332783723,0.32431277577854856
2025-01-02 07:00:00,B,0.04904103536859725,0.047994270464972844,0.14231274369008143
2025-01-02 08:00:00,B,0.3567876990489927,0.39683589179562423,-0.07778225998457433
2025-01-02 09:00:00,B,-0.45152347793020836,-1.8621381565106856,-2.163804098826821
2025-01-02 10:00:00,B,-0.5877642225065403,-0.7433932402879103,0.1880071374361172
2025-01-02 11:00:00,B,-0.9870725841088268,-0.8501808943675937,0.24206536850750443
2025-01-02 12:00:00,B,0.04924203557375806,-1.938945232064055,-0.38029734393668235
2025-01-02 13:00:00,B,-0.6205296727833196,-0.24393653763360257,-0.6742858081447883
2025-01-02 14:00:00,B,-0.608368908285127,0.3723549468138375,-0.24536038315794062
2025-01-02 15:00:00,B,-0.7053026507661098,-0.20831896341116346,-0.6534736440730176
2025-01-02 16:00:00,B,0.3002554600076772,-0.9334921190175988,-1.0762338757383278
2025-01-02 17:00:00,B,0.5720311371004204,0.5476282715216063,1.1727036290077058
2025-01-02 18:00:00,B,1.167537060517959,0.7237073695506614,0.10123253196386317
2025-01-02 19:00:00,B,0.21162214404022806,-0.1837895968316926,0.2220776802664229
2025-01-02 20:00:00,B,-0.40846879119295243,0.5700008930075946,-0.023310758314944016
2025-01-02 21:00:00,B,-0.0372760482808642,-1.0277869278029532,-1.292699612466448
2025-01-02 22:00:00,B,-0.7345497890533393,-2.9893579873980984,0.5373662710885052
2025-01-02 23:00:00,B,-1.4016286315475712,-2.5706005137986563,2.3224685946696604
2025-01-03 00:00:00,B,-0.11302534449954915,-0.8130885643924114,0.40216332198435895
2025-01-03 01:00:00,B,-0.5941378671551167,0.18548062352607983,1.25921166127509
2025-01-03 02:00:00,B,-0.2533047606983925,0.25153461143230577,-0.6356607870005443
2025-01-03 03:00:00,B,-0.9576932261679019,-0.6709385587939943,-0.2461500177595457
2025-01-03 04:00:00,B,-0.3973249868941968,-1.8325414563014546,0.6223777299536615
2025-01-03 05:00:00,B,0.8573778417633814,-0.785269512466093,1.3889020884546615
2025-01-03 06:00:00,B,1.3167131169178448,0.03403840366394645,0.24939632264131736
2025-01-03 07:00:00,B,1.4123708896949903,0.5108641577640334,0.2125769306594536
2025-01-03 08:00:00,B,1.0536244535330717,0.3706450522802962,1.0118081713041605
2025-01-03 09:00:00,B,1.7153105817111096,0.6849563453375342,-1.8746506827537273
2025-01-03 10:00:00,B,1.7494824254001826,0.046891152783613554,0.10804914463565718
2025-01-03 11:00:00,B,0.07031075416135768,1.7222628356483431,-0.5001345031321478
2025-01-03 12:00:00,B,-0.44412838037334207,0.9680437537048829,-0.3611235553950511
2025-01-03 13:00:00,B,-0.5273016355827386,-1.9471588855761839,-1.1902314096925561
2025-01-03 14:00:00,B,1.223558886933435,-0.13789351052919407,-0.43984389934772516
2025-01-03 15:00:00,B,1.8983942020558495,1.3328554929291132,-1.0839520150397826
2025-01-03 16:00:00,B,1.1215020938520996,0.7149155263424006,-0.6849858229354461
2025-01-03 17:00:00,B,1.508380727385197,-0.32024771453537704,-0.22716885751594876
2025-01-03 18:00:00,B,1.1240397541706704,1.01107812049454,-0.05585831465422997
2025-01-03 19:00:00,B,0.20449236576721852,0.9658193545453224,1.0888931419162706
2025-01-03 20:00:00,B,0.0835058461683131,-1.3695546535019618,0.17516895636211896
2025-01-03 21:00:00,B,-0.3648262459760754,-1.0418207555773458,0.09979415175811274
2025-01-03 22:00:00,B,-0.12621686313341618,-0.8696019195385573,-0.8982705998920085
2025-01-03 23:00:00,B,-0.6298071187624315,-0.06997321214942429,-1.0310139950420059
2025-01-04 00:00:00,B,-0.37887305828758294,0.3818234602022791,0.8153303675928496
2025-01-04 01:00:00,B,0.3600218534063879,-0.16925721658506324,0.2207464797574677
2025-01-04 02:00:00,B,-0.6103594537014456,0.32047498025596854,-0.22190301105963722
2025-01-04 03:00:00,B,-1.151714801095126,-0.5629941662061757,1.6009400803974863
2025-01-04 04:00:00,B,-0.7250047425395318,-0.6238491100736551,0.4761054795406853
2025-01-04 05:00:00,B,-0.3814070004730571,-1.3318374953260887,-0.13169160978624928
2025-01-04 06:00:00,B,-0.24872894609637028,-0.7512880206159152,1.4988026079781291
2025-01-04 07:00:00,B,-1.0324410638537578,0.19392075455774654,-0.9260764823733801
2025-01-04 08:00:00,B,0.3143219233945126,-0.13314323389027133,1.0992473285440216
2025-01-04 09:00:00,B,-1.455679545549403,0.36888988321885496,1.4935185157968274
2025-01-04 10:00:00,B,-0.7666245013012876,-0.954049182644781,1.2523661488165898
2025-01-04 11:00:00,B,-0.041865953698181246,-0.5367663411343461,0.5167819475506561
2025-01-04 12:00:00,B,0.1197724501953372,0.560151273198779,1.4344461232193697
2025-01-04 13:00:00,B,-0.6595959870022841,-0.8310641969528973,-0.737866273187636
2025-01-04 14:00:00,B,-0.7242678933710728,0.4822224903590061,0.36865769188502234
2025-01-04 15:00:00,B,-0.5860131435170198,0.2253347289624763,-0.2191257675825699
2025-01-04 16:00:00,B,0.24820502882380058,-0.5376336740030931,0.7241916238359276
2025-01-04 17:00:00,B,-0.15835328420828912,-1.6879565528954747,0.8864009065877563
2025-01-04 18:00:00,B,0.549111624177145,0.68894499580275,1.0610623022879442
2025-01-04 19:00:00,B,0.9508306337578198,0.5540707068592605,1.6131375924332467
2025-01-04 20:00:00,B,-1.3289324517272219,1.395383388708163,1.4741361292632422
2025-01-04 21:00:00,B,-0.45955800431796634,-0.41602381665790217,1.692954203558475
2025-01-04 22:00:00,B,-1.297564858231901,-0.7598859524356752,1.2559244368973594
2025-01-04 23:00:00,B,-1.1648994484582311,-1.047990436119907,0.17479783685943528
2025-01-05 00:00:00,B,-0.1527521232939636,-1.1335920626285063,0.9822332777035011
2025-01-05 01:00:00,B,-0.5561640174081579,-0.23217319528773106,1.1350290492870543
2025-01-05 02:00:00,B,-1.070813543498085,-0.9002472700822031,-0.1509518674206345
2025-01-05 03:00:00,B,0.2651662903900316,0.04453310435574809,0.22785075583974768
2025-01-05 04:00:00,B,-0.8963074323825915,0.35985644225240654,0.4937624605920524
2025-01-05 05:00:00,B,-0.9920250103915097,-1.2852581571386765,0.22218943351031084
2025-01-05 06:00:00,B,-0.7939730882248777,-0.6391792269973932,-0.4204790980781078
2025-01-05 07:00:00,B,-0.32403370776898827,0.08148029570666337,-0.5625714472532884
2025-01-05 08:00:00,B,0.07820208826846525,0.6858077842167206,-0.9903239976196134
2025-01-05 09:00:00,B,-0.6152651746469492,-1.4807074132657112,0.14051115188265523
2025-01-05 10:00:00,B,0.08535303082245993,-1.0057040569034443,-0.17356253594302962
2025-01-05 11:00:00,B,-0.6320174392764788,0.2568344051891507,1.260838821823483
2025-01-05 12:00:00,B,0.6443692741978955,-0.12101703811953432,0.8913099525093919
2025-01-05 13:00:00,B,0.4473808864987765,-0.06633874724742755,-0.7393293975087518
2025-01-05 14:00:00,B,0.7212798736718469,1.5959973070851081,-0.8668787100168629
2025-01-05 15:00:00,B,0.1748973103406847,0.7803386937129306,-0.6165168457038683
2025-01-05 16:00:00,B,0.3855905901223215,-1.3909753839489538,-0.08966593182961871
2025-01-05 17:00:00,B,0.6598053243170519,1.0987406187890756,0.06523698639719831
2025-01-05 18:00:00,B,0.39084628338884103,-0.0860100447926927,1.4527879161911357
2025-01-05 19:00:00,B,1.2731082788610404,0.5310908825874391,1.2216417336601069
2025-01-05 20:00:00,B,0.2608306356864581,2.2631869566359484,0.9110082616859758
2025-01-05 21:00:00,B,-0.18873557627084026,0.9551425127487073,0.3922141438692691
2025-01-05 22:00:00,B,-0.27089239281052424,0.0263878747546257,0.9977399757155335
2025-01-05 23:00:00,B,0.11720935422201767,-0.7233153066386749,2.2756441396001756
2025-01-06 00:00:00,B,1.5678517212790672,0.254738218672686,0.4297708921087306
2025-01-06 01:00:00,B,1.0096770296492195,1.9418773274677008,0.780200379554414
2025-01-06 02:00:00,B,0.371993052059171,0.5320776751478947,-0.19517311981934354
2025-01-06 03:00:00,B,-0.011387129593216333,1.3548163208628898,0.044906485610317265
2025-01-06 04:00:00,B,0.18296017105503476,-0.052005237874872934,1.248491135779547
2025-01-06 05:00:00,B,0.345367755470807,-0.3652928692869134,-0.4189617975088937
2025-01-06 06:00:00,B,-0.6620402377955316,-0.029042609770176142,0.10607056451788213
2025-01-06 07:00:00,B,-0.7169928730539024,0.35820176718704255,-1.4964308963362738
2025-01-06 08:00:00,B,0.3442255996262975,0.3790252160165555,-0.5657816410824352
2025-01-06 09:00:00,B,0.25656107537471695,0.5378831027774276,-0.4655731226457797
2025-01-06 10:00:00,B,-0.36925212878609004,0.21367882193944135,-0.35851837622287475
2025-01-06 11:00:00,B,0.4975414736693368,-1.2250716353873514,0.23954762607941268
2025-01-06 12:00:00,B,-0.9137623238286736,0.5568360792664571,-0.47477528261710755
2025-01-06 13:00:00,B,1.3554840811130866,0.4153967763426956,0.7535496314565049
2025-01-06 14:00:00,B,0.5944388392854449,-0.0681227532812404,-0.12309904901047625
2025-01-06 15:00:00,B,0.33604946749969683,0.0013293134734237988,0.6135679358948931
2025-01-06 16:00:00,B,0.5136826071795728,-0.43149683234922753,1.9084195181822647
2025-01-06 17:00:00,B,-0.18217151785218944,-1.19177674136635,1.8501649154197455
2025-01-06 18:00:00,B,-0.664887017867121,-0.28335560762166434,0.4851887593683766
2025-01-06 19:00:00,B,-0.9846830380318623,0.11593165022132368,0.2617978810107921
2025-01-06 20:00:00,B,-0.9445769480071073,0.560533546339193,0.6435962244660238
2025-01-06 21:00:00,B,-1.0810897318680182,0.684545781624288,1.1354761815185053
2025-01-06 22:00:00,B,-1.593411812910502,-1.9398489391692664,0.6762749271392327
2025-01-06 23:00:00,B,0.18649394909911465,-2.1936912260620582,-0.2278709608000118
2025-01-07 00:00:00,B,-0.793374337786891,0.43924719115817473,0.39827421055510126
2025-01-07 01:00:00,B,0.8352019374719384,0.31062580505984594,0.6090415508181052
2025-01-07 02:00:00,B,-0.09416175598457843,1.5818672788861337,1.018083603577835
2025-01-07 03:00:00,B,0.501775039899861,-0.021489654594454122,0.8927170189306467
2025-01-07 04:00:00,B,0.1588033328540681,0.20672856110819843,-0.49613688422856306
2025-01-07 05:00:00,B,0.042597155864689124,-0.45463883514258874,-0.3013798567038961
2025-01-07 06:00:00,B,0.8504419600854676,-0.38545299820787504,0.038002090109259756
2025-01-07 07:00:00,B,0.2292923809399291,0.2232431639218097,0.28858670939051395
2025-01-07 08:00:00,B,-0.44135495959450605,-0.8713038877890421,1.572110704076021
2025-01-07 09:00:00,B,0.9802612548407599,-0.07434939424294268,2.5325724795151294
2025-01-07 10:00:00,B,0.8026634705678961,1.2656440656219452,1.0003548615550644
2025-01-07 11:00:00,B,0.23270605772716246,0.9521720912048881,-0.8251324393866444
2025-01-07 12:00:00,B,-1.3126359405281756,0.8606495356014221,1.9352768402095557
2025-01-07 13:00:00,B,0.1473184908998888,-0.4950861283551721,1.1750673827078983
2025-01-07 14:00:00,B,0.6624830028132581,-0.7755615341705208,-0.30466973016018833
2025-01-07 15:00:00,B,0.022600915931073107,0.5038808734570746,1.2058277307903502
2025-01-07 16:00:00,B,-0.6975506862183734,-0.3522719098206015,0.6405110802162669
2025-01-07 17:00:00,B,-0.27173539293697097,-0.8261130451201515,-0.1391948418400217
2025-01-07 18:00:00,B,0.9300898199201573,-0.27431910352738154,0.7343205280210331
2025-01-07 19:00:00,B,0.989870311757082,-0.7884197066542269,0.641512653278443
2025-01-07 20:00:00,B,0.36852381139989937,0.46112745445173875,-0.14880327770564836
2025-01-07 21:00:00,B,-0.3225790096086063,1.8475274074092365,1.4482990643594753
2025-01-07 22:00:00,B,0.15755114294110317,0.6338531748685725,-1.4779491412169588
2025-01-07 23:00:00,B,-1.552171337241903,-0.3555355554229208,-1.0238274855772063
2025-01-08 00:00:00,B,0.18925930299697735,-0.3593836990215348,-0.4150795530422415
2025-01-08 01:00:00,B,-0.1283900952391742,-0.22921971958150514,0.029057602367583618
2025-01-08 02:00:00,B,0.5578984887586502,-0.05263262262970329,-0.03923052560620299
2025-01-08 03:00:00,B,1.306118897759745,-0.5653793293636424,0.018527010140866648
2025-01-08 04:00:00,B,0.2833894731943403,0.6045592819544361,0.14148964217412432
2025-01-08 05:00:00,B,-0.25427931910469753,0.18741550499281134,0.33755236899674734
2025-01-08 06:00:00,B,-0.685484663083058,0.21119700195538288,-0.7347917645941392
2025-01-08 07:00:00,B,-1.618804144889856,-1.0941774392576,-0.6945835842709966
2025-01-08 08:00:00,B,-1.4858411953709734,0.5989881763693898,1.2812488242899167
2025-01-08 09:00:00,B,-1.2523282762540928,-0.18955278195984804,2.2829702183440554
2025-01-08 10:00:00,B,-0.05719906377606243,-0.29540232311285564,-0.9776411316211467
2025-01-08 11:00:00,B,-0.6184349058826054,-1.0632458668557239,-0.6995898328459625
2025-01-08 12:00:00,B,0.33258165714549365,0.16073310232275517,-1.4162354804270638
2025-01-08 13:00:00,B,0.03390282570965056,-0.48518164863268287,-1.342286771971286
2025-01-08 14:00:00,B,0.47155760524781665,-0.8254262116562326,0.28826186388742586
2025-01-08 15:00:00,B,-0.5861120421597257,0.6401708137684514,-0.08381168710540829
2025-01-08 16:00:00,B,-1.1298815812425846,-0.7861423910576626,0.8050318056924587
2025-01-08 17:00:00,B,-1.3289732347123693,0.49250026935556257,0.828345208790824
2025-01-08 18:00:00,B,-1.3677666533905963,-0.39719445150881705,0.2655295940977235
2025-01-08 19:00:00,B,-0.32855534401275294,-0.470483286334202,-1.3073652289538065
2025-01-08 20:00:00,B,0.6098417899893804,-0.1631712203836325,-0.5873178386765622
2025-01-08 21:00:00,B,-0.19576592670239235,0.6802862549590518,0.5642512105292318
2025-01-08 22:00:00,B,-0.6564762136887492,0.8934917201029697,1.1131403183195603
2025-01-08 23:00:00,B,-0.24707227247162677,0.17368308515625394,2.9975672425386515
2025-01-09 00:00:00,B,-1.1612296483300029,-0.3405113205122204,2.1235516056304573
2025-01-09 01:00:00,B,1.9202856756158062,-0.28780460274406594,-0.054349756652484094
2025-01-09 02:00:00,B,1.7362374570118186,0.49787866631900846,0.06359466744061963
2025-01-09 03:00:00,B,-0.1115778647578557,2.65666450749537,0.2291309639549967
2025-01-09 04:00:00,B,1.3779582337302698,-1.8850384690449777,-0.8466805735956747
2025-01-09 05:00:00,B,0.16538802567833344,0.6104305061027504,-2.2409234849301254
2025-01-09 06:00:00,B,-1.6373827822195914,-0.8599707182917231,-0.34408741335845394
2025-01-09 07:00:00,B,-1.8934177347893724,-1.237629307119405,0.07097630447490001
2025-01-09 08:00:00,B,0.05933836923561109,-1.288607204375713,-0.11190283280709545
2025-01-09 09:00:00,B,-0.8755293013339225,-0.8869884200128976,-0.6363051901036547
2025-01-09 10:00:00,B,-1.0664339541759067,-1.3924211537558322,-1.0963146718028118
2025-01-09 11:00:00,B,-1.1178581754406642,-1.628490302361655,-0.6876850379289874
2025-01-09 12:00:00,B,-0.6898383647294232,-0.33542234864866227,0.8609142965362554
2025-01-09 13:00:00,B,0.020518668684191166,-0.6070913529085008,-0.39625563440279404
2025-01-09 14:00:00,B,0.18948859785371266,0.23191628015498453,-0.7350987247735287
2025-01-09 15:00:00,B,1.6994660946507074,-0.07980416769216284,0.32909480123583124
2025-01-09 16:00:00,B,0.785299140607788,0.8315089142515126,-1.0496123669802464
2025-01-09 17:00:00,B,2.0668457432148015,1.0859897765629745,0.09099405517176401
2025-01-09 18:00:00,B,2.793715256087615,0.8626688841291414,-0.44482484621241286
2025-01-09 19:00:00,B,0.6434830633288627,1.2912596428324346,0.6339531853657361
2025-01-09 20:00:00,B,0.037494335983393245,2.4546818675003426,0.9338075339520595
2025-01-09 21:00:00,B,-0.5951442303209897,1.9421327665688808,1.9290718982912523
2025-01-09 22:00:00,B,-0.8757250370039629,-0.4718786898796904,-1.2900083541343261
2025-01-09 23:00:00,B,-1.1838205864819533,0.0580713698388341,0.12106138229069702
2025-01-10 00:00:00,B,-0.5192476584710837,-1.8205543471128554,0.09259166519754455
2025-01-10 01:00:00,B,0.064507711413827,-1.839785635938482,-0.42380481067680875
2025-01-10 02:00:00,B,1.6054531696414427,-0.9367151774601643,-0.32925141800818347
2025-01-10 03:00:00,B,0.27197026932616986,-0.2579447048411925,1.1162714323452279
2025-01-10 04:00:00,B,0.8470054420974508,0.10290394833814004,0.9930539376508338
2025-01-10 05:00:00,B,-1.0766931592194253,-1.2142834593362422,-0.01201928589487039
2025-01-10 06:00:00,B,0.020034409989402757,-0.5923496437912074,1.4568403370533525
2025-01-10 07:00:00,B,0.09829003272753987,0.968203344979206,-0.11184498226715434
2025-01-10 08:00:00,B,-1.2129389530457675,-0.18499876333234616,0.8174461718590531
2025-01-10 09:00:00,B,-0.4540653435014702,-1.1024416742875187,0.535062781673266
2025-01-10 10:00:00,B,1.2692169916627887,-0.7711425968618968,0.18828035484788708
2025-01-10 11:00:00,B,0.217053398073479,0.9125519378775526,0.7844744583435331
2025-01-10 12:00:00,B,-0.4884898221727366,0.1092626963335579,-1.3511869255768838
2025-01-10 13:00:00,B,-0.9466834350798166,-0.6472101599964633,-1.0774722746358083
2025-01-10 14:00:00,B,0.2614197691328176,-0.6719306158784012,-1.1724630443140933
2025-01-10 15:00:00,B,1.3941390563866307,-0.6226600915821323,0.2749886351137654
2025-01-10 16:00:00,B,2.0079984246213076,0.8655502991964003,-0.6692894344591062
2025-01-10 17:00:00,B,0.9585878541116405,1.397278232533503,0.29435753173298396
2025-01-10 18:00:00,B,0.46680732849580053,1.4441715743917882,1.562853805054545
2025-01-10 19:00:00,B,-0.4530944553044794,1.6216857418177695,1.074730890715685
2025-01-10 20:00:00,B,-1.2876452753971213,-1.5827940463939019,1.4888046232315877
2025-01-10 21:00:00,B,-0.8252112876848149,-0.9656882623242642,-0.06404369795242026
2025-01-10 22:00:00,B,-0.7302915765831681,0.009019764867855273,-0.808018627920657
2025-01-10 23:00:00,B,-0.4951914353126684,-0.2502002373259354,-0.6090835622533292
2025-01-01 00:00:00,C,0.0,0.0,0.0
2025-01-01 01:00:00,C,-1.1908966341653926,-1.0430632565139644,-0.17504351905792803
2025-01-01 02:00:00,C,0.4003832961248792,-0.8393176092197675,-0.5658954449038648
2025-01-01 03:00:00,C,1.3261778695600475,-0.1543819457680637,-0.46678512332682875
2025-01-01 04:00:00,C,-1.114757210578158,1.4841962646166456,0.5654962767570562
2025-01-01 05:00:00,C,-1.0177148890128236,-1.391755523290525,-0.12149418761029074
2025-01-01 06:00:00,C,-0.896194947504602,0.23477622752210325,1.4390321646116064
2025-01-01 07:00:00,C,-1.4361019343836423,0.3833249193069631,0.4697364681795389
2025-01-01 08:00:00,C,-0.4767439754043977,-1.1802333422132414,0.6482289668896666
2025-01-01 09:00:00,C,-0.672904377003668,-1.4310742113829111,0.8666887221837535
2025-01-01 10:00:00,C,0.8550885502726179,-1.1832905861865481,0.11066887976756423
2025-01-01 11:00:00,C,0.26367085885574415,-0.15716216303770997,0.18135142629073275
2025-01-01 12:00:00,C,1.4540782136354373,0.43350487024019324,-0.4310554392445764
2025-01-01 13:00:00,C,0.6174738766961048,0.8323365488082638,-0.36744853405202194
2025-01-01 14:00:00,C,-0.08780546033862557,1.1845755087010237,1.8774793934027514
2025-01-01 15:00:00,C,-0.1788729005728087,1.194956783770331,0.3898899975628303
2025-01-01 16:00:00,C,-0.1933973747127597,1.3402046504153948,-0.6978445535912547
2025-01-01 17:00:00,C,1.1943430296797448,0.020594724059716824,0.904943286864159
2025-01-01 18:00:00,C,3.158040641564593,1.166102712118783,0.666706258631387
2025-01-01 19:00:00,C,1.470897015794701,2.6090933052037766,0.8973229844596612
2025-01-01 20:00:00,C,-0.5355777363802645,3.3896127460692007,-0.4011501072733421
2025-01-01 21:00:00,C,1.3389871039305823,-0.42805728802358434,-0.5327005117233331
2025-01-01 22:00:00,C,-0.4677051029385002,-0.16107696318073872,-0.3999327879269902
2025-01-01 23:00:00,C,0.1976216397431853,-0.7317784819291038,-1.4680398579214986
2025-01-02 00:00:00,C,-1.023866518375178,0.9337352543757174,0.8108152948336322
2025-01-02 01:00:00,C,-0.26477245692261653,-0.9236007408494445,1.7015366900621784
2025-01-02 02:00:00,C,-0.3573177373313357,0.23579097466928073,1.5847274973911556
2025-01-02 03:00:00,C,-1.7957379778459364,-0.4290365893473848,1.2105380502369902
2025-01-02 04:00:00,C,-0.4438944059415244,-0.011892498552416253,-1.0242758658675681
2025-01-02 05:00:00,C,-0.8129982148401383,-1.2657277712647743,-0.18354938656501746
2025-01-02 06:00:00,C,0.1343545285404693,-1.8958012457338533,0.399906218931689
2025-01-02 07:00:00,C,-0.36694689717148343,-0.41395750859000957,-0.3259757205067437
2025-01-02 08:00:00,C,-0.7532745562396107,-0.2522384355871123,-0.9158238943990609
2025-01-02 09:00:00,C,-0.8101424094368131,-0.901754233906475,-1.2218751198761921
2025-01-02 10:00:00,C,-0.833426575397977,-1.5624171963101268,-1.005985018575054
2025-01-02 11:00:00,C,-0.07691988760678514,-0.38983759124573525,-0.2740395276041274
2025-01-02 12:00:00,C,0.18784064947227716,-0.01952924291376744,0.8083013858201162
2025-01-02 13:00:00,C,0.1901791707623447,0.34059331598097287,-0.16652099847238871
2025-01-02 14:00:00,C,0.0056161661776218536,0.2039381967739465,0.94685290970662
2025-01-02 15:00:00,C,0.5229878278938875,0.4383411114423948,1.0937560646456408
2025-01-02 16:00:00,C,1.1390652699287918,-0.3082198703031977,0.674150984533243
2025-01-02 17:00:00,C,2.331867710488888,0.5123442461906991,-0.3394298008043748
2025-01-02 18:00:00,C,2.072188204649571,2.0866568173832296,-0.29315330066283074
2025-01-02 19:00:00,C,0.6751415455856722,2.557358422726158,-0.6612717064216389
2025-01-02 20:00:00,C,0.4861838588368703,1.3628570984596022,0.17639285619038517
2025-01-02 21:00:00,C,1.121235516237344,-0.0711079559966199,0.5820446113119484
2025-01-02 22:00:00,C,1.1290474466063185,-0.11666704973276609,-0.14104772724643938
2025-01-02 23:00:00,C,0.6944506543913581,0.4019886485009936,-0.3419948420209703
2025-01-03 00:00:00,C,0.6559676659515102,-0.03573316196117782,0.5353407396190535
2025-01-03 01:00:00,C,-0.17869457632102287,0.010648111219009826,-0.6127358781020888
2025-01-03 02:00:00,C,-0.10639025292625438,0.3444061990664156,1.6990994321858675
2025-01-03 03:00:00,C,0.5072998609595791,0.4586416545141695,-0.616671149118264
2025-01-03 04:00:00,C,0.09852221498736888,0.9877082505971089,-2.0711410501507452
2025-01-03 05:00:00,C,1.1434660202711884,0.4344749686723285,-0.3243691760843562
2025-01-03 06:00:00,C,1.0281126982185462,0.4200842997424521,-0.9716516424694184
2025-01-03 07:00:00,C,-0.34497318597641535,1.1831924734986088,-1.673755775454514
2025-01-03 08:00:00,C,-0.5526082546163066,-0.01610954437213228,-1.986216786038987
2025-01-03 09:00:00,C,-1.2885160527306707,-0.9894881586644071,-0.9744564582140359
2025-01-03 10:00:00,C,-2.0450798802956087,-0.7368141920641262,-1.4783620972581737
2025-01-03 11:00:00,C,-1.0362420291124315,-2.1338499517509,-1.2830564952246464
2025-01-03 12:00:00,C,-0.7977467357425323,-2.112417626927427,0.5617015611108729
2025-01-03 13:00:00,C,0.5966613480282925,0.8634801276277699,0.34632847904154695
2025-01-03 14:00:00,C,0.8590947547631874,0.9240244234873358,0.8461228642238983
2025-01-03 15:00:00,C,0.7241982724718103,2.3215680476413576,0.15463329481907184
2025-01-03 16:00:00,C,0.34441550802772497,-0.3233469608467314,0.4680208841244343
2025-01-03 17:00:00,C,-0.7713188719996125,0.26044533451874063,1.2102816960089953
2025-01-03 18:00:00,C,0.163364707175503,-1.0687243020441761,1.4500909116498435
2025-01-03 19:00:00,C,0.16273149063246392,1.2868275641450964,0.0006959900340278713
2025-01-03 20:00:00,C,1.2547632590599906,-0.5111777632638952,0.07103743380626146
2025-01-03 21:00:00,C,2.0351232753749215,0.673468820037445,-0.45530099914790934
2025-01-03 22:00:00,C,2.37854660520878,1.307117607274891,0.165555371486608
2025-01-03 23:00:00,C,1.4461536554606793,2.364991003795846,-0.6582459097628123
2025-01-04 00:00:00,C,1.2180981305833072,1.4419412715025302,-1.3015764750249077
2025-01-04 01:00:00,C,0.3670129094162373,2.5642841362662803,0.21201286154436222
2025-01-04 02:00:00,C,-0.004415519837109583,0.07986025674046526,-1.064884040116142
2025-01-04 03:00:00,C,-0.8051379937858262,-0.260300342513156,-1.4931647586160723
2025-01-04 04:00:00,C,-0.46581735300261395,-0.7718341297351436,-0.8014676474118674
2025-01-04 05:00:00,C,0.4887581783249489,-0.6857343417013718,0.5760915849702386
2025-01-04 06:00:00,C,-0.8373082604821112,0.06790780410616146,-0.7239881515417523
2025-01-04 07:00:00,C,-2.2800185382534264,-0.12138330100657779,-0.20884140785680771
2025-01-04 08:00:00,C,-2.5780869134850257,-2.509277649213765,0.14786290567181037
2025-01-04 09:00:00,C,-0.21805997279805522,-1.5442213201470407,-0.6868297922851082
2025-01-04 10:00:00,C,0.7178109115151429,0.9029487520258352,-0.6331939842349794
2025-01-04 11:00:00,C,0.31087197568331104,0.9213117286720882,0.9450835491786783
2025-01-04 12:00:00,C,-0.06669861848799594,0.23219715050949677,0.43672719320694914
2025-01-04 13:00:00,C,-1.372041614021264,-0.0601582470258262,0.8328563472819188
2025-01-04 14:00:00,C,-1.064592346737117,-1.246110211093124,0.3630350342856292
2025-01-04 15:00:00,C,-0.710442107469707,-1.715872231212278,1.5843604990011844
2025-01-04 16:00:00,C,-0.7298043256947572,-2.2873525996341177,0.32603444360245826
2025-01-04 17:00:00,C,-0.43400114492823133,-0.4063767220201018,-0.29903363425143853
2025-01-04 18:00:00,C,0.2057610477602147,1.8172806030528934,-0.9171835639379529
2025-01-04 19:00:00,C,1.0791971852081435,0.6314546245881794,-1.0793463164840675
2025-01-04 20:00:00,C,-0.44877835409257316,2.322662725113402,0.12887101734772394
2025-01-04 21:00:00,C,-1.6807120297874651,0.039350553569972,0.3651409289214911
2025-01-04 22:00:00,C,-0.9053748040006647,-0.4960113562121562,2.42767493929786
2025-01-04 23:00:00,C,0.28879451489524566,-0.6883699086451577,1.490958866549171
2025-01-05 00:00:00,C,0.8265639263988124,0.6815377031468997,0.6063038297303147
2025-01-05 01:00:00,C,1.6348401715980223,1.618021347456416,0.31790413713498855
2025-01-05 02:00:00,C,0.6176645218242427,2.72242150393998,1.4034497330523028
2025-01-05 03:00:00,C,-0.4134463128283596,1.1520515169295307,1.25180660550344
2025-01-05 04:00:00,C,-0.45729278328109524,1.42429089165141,-0.2016849410021559
2025-01-05 05:00:00,C,-0.856185570621681,0.22216735396417678,0.08128159641620375
2025-01-05 06:00:00,C,-0.7611947150319349,-1.2568028586887907,-0.4734956447080434
2025-01-05 07:00:00,C,-0.7911409158288614,-1.6514831568175543,0.8795925217741196
2025-01-05 08:00:00,C,-0.9125863482450882,-0.12174500977636526,-0.9246344829288475
2025-01-05 09:00:00,C,-0.538965936344808,-0.360017697070963,0.6525333726877346
2025-01-05 10:00:00,C,0.20822699217132568,-0.7649960613329845,-0.8506610544416515
2025-01-05 11:00:00,C,0.8936820436115839,0.48152864601584316,-0.06011816143680257
2025-01-05 12:00:00,C,0.10130915982405836,0.5528636449444289,0.8519583733195895
2025-01-05 13:00:00,C,0.6217366606973924,-0.6665738907053252,0.44495480653222874
2025-01-05 14:00:00,C,0.9451337786413847,0.9126146952419579,0.48309438989878717
2025-01-05 15:00:00,C,-0.3472907791018526,1.3515013914882643,-0.7473219344517583
2025-01-05 16:00:00,C,1.025600889697962,-1.0617962445435174,0.7732742900818081
2025-01-05 17:00:00,C,-0.9263314228806242,0.8492685065017918,0.38109792692516486
2025-01-05 18:00:00,C,-0.23233558194832427,0.08240216726666427,-0.4642786958894059
2025-01-05 19:00:00,C,-0.3184557751285217,-1.2726249455785366,-0.38804688554586686
2025-01-05 20:00:00,C,0.2500283789030352,0.1450752261333178,-1.3449519047236809
2025-01-05 21:00:00,C,0.06956952161705889,-0.06730233303394742,-0.22677689479118518
2025-01-05 22:00:00,C,-0.10037536786905062,0.7091836298447497,-0.2881775347263723
2025-01-05 23:00:00,C,0.38415651684085317,1.1857885862176545,0.07573363492018535
2025-01-06 00:00:00,C,-0.5550539229924687,0.9912248561840895,-1.5409552902057113
2025-01-06 01:00:00,C,-0.9682430447263977,1.1639802956457217,-1.577337916000582
2025-01-06 02:00:00,C,-1.0337734608596718,-0.4676278087328245,0.8781011088188054
2025-01-06 03:00:00,C,-0.817868707688256,-0.13156243679351554,0.1157259898654314
2025-01-06 04:00:00,C,0.4836305462796515,-0.6115713542257895,-1.726545967456079
2025-01-06 05:00:00,C,-1.138518267204495,0.45178884623737897,-0.4851798370434587
2025-01-06 06:00:00,C,-0.8267501580501948,0.2986225199681741,-1.4428362173592901
2025-01-06 07:00:00,C,-0.48075150573813275,-0.04478807746253233,-2.420062674331409
2025-01-06 08:00:00,C,-1.114691671204861,0.17680752199462235,-1.4678689499430595
2025-01-06 09:00:00,C,-1.1259626923702994,-1.8461475888118284,0.19922312565390277
2025-01-06 10:00:00,C,0.13531921240712452,0.6823172407990781,0.05147858566392053
2025-01-06 11:00:00,C,0.3894899168654809,2.0711628176849697,0.6193999895361884
2025-01-06 12:00:00,C,1.3195310641580138,1.4984354270808238,0.4322692685156391
2025-01-06 13:00:00,C,0.5161835800827562,0.9865168106474265,-0.23978800563243663
2025-01-06 14:00:00,C,-0.30351823817898876,1.2089236398858747,-2.559054885761026
2025-01-06 15:00:00,C,0.9047680052972658,-0.7370298988841135,-2.3103308712082105
2025-01-06 16:00:00,C,0.1887936804096647,1.0832956948072356,-0.8276801820262276
2025-01-06 17:00:00,C,-0.23241086916243242,1.2888661792329423,-0.9516261874740178
2025-01-06 18:00:00,C,-0.8959946328470426,-1.6013800705406183,-1.0650951244874378
2025-01-06 19:00:00,C,-0.45094761260946037,-1.7804921421910438,-1.1827670588674777
2025-01-06 20:00:00,C,-0.9256976609742927,-0.6125510899142882,0.2884183905443184
2025-01-06 21:00:00,C,-0.6482224092561457,-1.1471621174498363,1.462718624934039
2025-01-06 22:00:00,C,-1.1628045354452075,-0.8522948787828646,0.3731712985242625
2025-01-06 23:00:00,C,-2.101059802290588,-0.9525724846598511,2.2425483941576076
2025-01-07 00:00:00,C,-0.4022706061915453,-2.46868395360821,0.8181943878215882
2025-01-07 01:00:00,C,0.8772563336958381,-0.882441055104384,-0.8753721513790742
2025-01-07 02:00:00,C,0.09227797824110906,0.29365820935072245,1.1023353696279747
2025-01-07 03:00:00,C,-0.19636105770031853,0.7706688109103482,0.1390904707298545
2025-01-07 04:00:00,C,0.3221048610968655,-1.4151310080500945,0.3379596084716576
2025-01-07 05:00:00,C,0.7492649548408096,-1.380925109177275,1.4410425086275345
2025-01-07 06:00:00,C,1.118494873968624,-0.41249654572737005,1.0964168107884391
2025-01-07 07:00:00,C,-1.1120071362869108,1.2881454780225514,-0.6420735980315443
2025-01-07 08:00:00,C,-0.7602969443961936,-1.3121196533015134,0.4779825901013061
2025-01-07 09:00:00,C,0.5834915927508189,0.13092527692385814,-0.9351696721287729
2025-01-07 10:00:00,C,-0.3631271159162273,0.5003600922470224,-0.6887625223525115
2025-01-07 11:00:00,C,-0.5430329386411868,-1.7607808340115358,0.5017425195978894
2025-01-07 12:00:00,C,-1.0235147889626728,-0.549660257603601,-0.7895452295188964
2025-01-07 13:00:00,C,-0.14266299230572915,0.07757136489226579,-0.06315319379354922
2025-01-07 14:00:00,C,0.02888301542887646,-0.25009520610255903,1.0491041966154349
2025-01-07 15:00:00,C,-0.37545900434035473,-0.8635263005253809,1.3763435196721474
2025-01-07 16:00:00,C,0.5419124448013957,-0.21311823422931417,-0.2597832004308536
2025-01-07 17:00:00,C,0.9394791199400773,-0.5190852664710983,-0.7166392056998184
2025-01-07 18:00:00,C,-0.684974931907873,0.3307217687131835,0.2872582812013892
2025-01-07 19:00:00,C,-0.5669640215483839,-0.5027037470322362,-0.037225820464101916
2025-01-07 20:00:00,C,-0.5112393384410544,0.05486128847634009,0.41058909657332243
2025-01-07 21:00:00,C,-0.4457654292611591,-1.0372083464956756,-1.373560042616659
2025-01-07 22:00:00,C,1.0027529552365861,-0.2648871498229054,-2.1274032732542114
2025-01-07 23:00:00,C,0.8048129379637188,1.4280919021580791,-1.3207208803237624
2025-01-08 00:00:00,C,0.5634769814077955,-0.37080461517782437,0.07142160475520348
2025-01-08 01:00:00,C,1.3939319502629863,-0.7687255666477653,1.7451699961730447
2025-01-08 02:00:00,C,2.572100580738717,0.6407949657479213,1.1608719857367338
2025-01-08 03:00:00,C,1.186256425600545,3.0300722753534046,-0.4711790930989789
2025-01-08 04:00:00,C,-1.2755427300366997,1.7367300084157977,-0.7845382599212647
2025-01-08 05:00:00,C,-0.48396275498348584,-0.3692736083880653,1.4389262692434244
2025-01-08 06:00:00,C,-0.7543860014969124,-0.39180092104133885,-1.3562671890689444
2025-01-08 07:00:00,C,-0.16730587950060083,-0.7255708212318394,-0.7560479103397809
2025-01-08 08:00:00,C,0.9759067448323057,-0.6688746138992525,-0.137783927746194
2025-01-08 09:00:00,C,0.6773642008584568,1.2254742039289979,-0.3034523458416588
2025-01-08 10:00:00,C,-0.27683145106964385,0.30976248442762044,-0.1952127811252547
2025-01-08 11:00:00,C,0.48700117056738046,1.2815553701907207,1.0860124078530746
2025-01-08 12:00:00,C,0.1337496830268388,-0.22019814842130747,0.0029474348695369135
2025-01-08 13:00:00,C,1.7573829307704734,-0.12342083305634297,-0.4606291172348464
2025-01-08 14:00:00,C,0.7014909634421843,0.7323757734620862,-0.9341086059849668
2025-01-08 15:00:00,C,0.20997865248383218,0.528461372685677,-0.26010700711297585
2025-01-08 16:00:00,C,0.3954994451872446,1.8749366557960763,-0.06966315019414512
2025-01-08 17:00:00,C,-0.7126657003463035,2.185809010374827,1.228550537508431
2025-01-08 18:00:00,C,0.020881566268445784,0.1903784215090314,0.046352748302543156
2025-01-08 19:00:00,C,-1.121498381253321,0.4742154462378524,0.48948583642746774
2025-01-08 20:00:00,C,-1.1378705841099293,-0.6713812238700444,-0.5928533034070127
2025-01-08 21:00:00,C,-0.7678225548599199,-1.0483045888515898,-0.4900944725988536
2025-01-08 22:00:00,C,0.045598913074223424,-0.7185857183819522,-0.29145948934671767
2025-01-08 23:00:00,C,0.6164214505063952,0.3254959643551814,-0.5714979051177793
2025-01-09 00:00:00,C,-0.5333918133353679,0.39865834834560443,1.0480277759097585
2025-01-09 01:00:00,C,0.3156069565264572,0.0016627887803037922,-0.03741399212997221
2025-01-09 02:00:00,C,1.0482738719421052,0.3037075783695502,-1.7305459570557031
2025-01-09 03:00:00,C,1.3536701379829232,-0.46868110046325084,-1.2157692240169276
2025-01-09 04:00:00,C,2.273828619997612,1.4096065950121057,-1.1001532766830837
2025-01-09 05:00:00,C,2.5161948241296495,1.2823633311537546,-0.9362884899783867
2025-01-09 06:00:00,C,1.6787802195158925,0.1633912833553035,-1.1793493468065357
2025-01-09 07:00:00,C,-0.3217247722543125,1.549577423145014,0.3286009144858706
2025-01-09 08:00:00,C,0.05266293086702156,0.30549845469590176,1.366515501227555
2025-01-09 09:00:00,C,-0.09997124557969052,-1.2751447271049592,0.4479658608174391
2025-01-09 10:00:00,C,-0.09925012399133634,-1.0545866613359438,1.0823335589539673
2025-01-09 11:00:00,C,-0.8024313307658595,-0.7605435918780679,1.1373203268245806
2025-01-09 12:00:00,C,0.5874798852128422,-0.015024539524700842,-0.1418082823430742
2025-01-09 13:00:00,C,0.3669007329594368,0.022232021122739865,-0.5170729735235133
2025-01-09 14:00:00,C,1.123196587578658,-0.6754348317000285,-2.0975507210443967
2025-01-09 15:00:00,C,-0.06537588846947684,-0.958880150336927,-0.3932612949549633
2025-01-09 16:00:00,C,0.3605845914243675,1.146399106208789,-0.32922707376843596
2025-01-09 17:00:00,C,0.8721938183517564,0.6443060298670901,1.9709663751666429
2025-01-09 18:00:00,C,0.3089551716905219,2.5901222671778754,0.7442260028118016
2025-01-09 19:00:00,C,-0.007089497849308762,-0.8362636798713164,0.844994304268905
2025-01-09 20:00:00,C,-1.0142851586212247,-0.7569522777059103,-0.8134689898975189
2025-01-09 21:00:00,C,0.16619482038910682,-1.2694041632868567,-0.613576175954863
2025-01-09 22:00:00,C,-0.0528960218845264,0.8466958647066514,-0.0025067355865419916
2025-01-09 23:00:00,C,-0.8617705531221963,-0.10181453457260348,-0.3597117804234664
2025-01-10 00:00:00,C,-0.1703357530603083,0.062465284955810496,-0.4271373777986719
2025-01-10 01:00:00,C,0.24440989074125052,-0.020337356319585165,-0.46435522863500184
2025-01-10 02:00:00,C,0.7744703332782938,0.17682964164313597,-0.0035393675822604775
2025-01-10 03:00:00,C,0.6428600703354082,-0.31555867364461243,-0.08467855666790271
2025-01-10 04:00:00,C,0.6950766563146137,2.227829265189932,1.3285429412739393
2025-01-10 05:00:00,C,0.2700239498117615,0.0667859285052993,1.6147823320037547
2025-01-10 06:00:00,C,-0.09664767721547801,0.5221862054307327,1.103592218707109
2025-01-10 07:00:00,C,-0.013614709469422295,1.4216389927788833,-0.010711534377186749
2025-01-10 08:00:00,C,0.9161478073174186,-1.3230530648831318,-1.0541713797223304
2025-01-10 09:00:00,C,2.0748056081143753,-0.6549707474029659,0.1060539742723709
2025-01-10 10:00:00,C,2.0827594064736386,-0.08021948772428122,0.20210006642157302
2025-01-10 11:00:00,C,1.1836771188530908,0.9525599811160996,-0.2556318953547136
2025-01-10 12:00:00,C,1.4244956938996696,-0.794213528305943,-0.5790134616095421
2025-01-10 13:00:00,C,-1.6086054825140836,0.5293752831908272,0.9234790144722929
2025-01-10 14:00:00,C,0.08675817883655323,-0.06801501905874185,-1.5534373055760609
2025-01-10 15:00:00,C,1.322232851239509,0.3555229965884595,-1.319332497714711
2025-01-10 16:00:00,C,-0.25058067164028885,0.6236914937708277,0.11120966132344606
2025-01-10 17:00:00,C,-0.08266621004332551,-1.110070293212616,-0.7296164751643288
2025-01-10 18:00:00,C,-0.8696722647147196,-0.4581981205073605,-0.10232366202968862
2025-01-10 19:00:00,C,-0.0726656720416824,0.7284854149863632,-0.9919602884712844
2025-01-10 20:00:00,C,0.8426359754369724,0.9111327792275302,0.47971679166688763
2025-01-10 21:00:00,C,0.18514479170789283,1.5579899509758377,0.01898633959409765
2025-01-10 22:00:00,C,-0.05552930463630562,-0.23349429837244856,-0.3430627462364621
2025-01-10 23:00:00,C,-0.4132953381405257,0.28080600914660825,0.8397390750932144
